﻿{
  "Version": "1.0",
  "Metadata": [
    {
      "ApplicationType": "Chrome",
      "ExecutablePath": {
        "Value": "chrome.exe",
        "IsExpression": false
      },
      "Url": {
        "Value": "in_Config(\"urlLoginCP\").ToString",
        "IsExpression": true
      },
      "Arguments": null,
      "Version": null
    },
    {
      "ApplicationType": "Chrome",
      "ExecutablePath": {
        "Value": "chrome.exe",
        "IsExpression": false
      },
      "Url": null,
      "Arguments": null,
      "Version": null
    }
  ]
}